{
  "best": {
    "accuracy01": 0.9893617021276596,
    "IoU": 0.8919459154767265,
    "loss": 0.11875011119064997
  },
  "last": {
    "accuracy01": 0.9946808510638298,
    "IoU": 0.8898985558406706,
    "loss": 0.12329297232493289
  },
  "train.51": {
    "accuracy01": 0.9893617021276596,
    "IoU": 0.8919459154767265,
    "loss": 0.11875011119064997
  },
  "epoch_0": [
    "runs\\Apr28_19_19_mobilenetv2_120d_512_medium_adam_0.0003_EfficientIoU\\checkpoints/train.1.pth",
    0.5288226315875615,
    {
      "accuracy01": 0.9787234042553191,
      "IoU": 0.5288226315875615,
      "loss": 0.628420183564914
    }
  ],
  "epoch_1": [
    "runs\\Apr28_19_19_mobilenetv2_120d_512_medium_adam_0.0003_EfficientIoU\\checkpoints/train.2.pth",
    0.6198989672454726,
    {
      "accuracy01": 0.9867021276595744,
      "IoU": 0.6198989672454726,
      "loss": 0.4605683697049021
    }
  ],
  "epoch_2": [
    "runs\\Apr28_19_19_mobilenetv2_120d_512_medium_adam_0.0003_EfficientIoU\\checkpoints/train.3.pth",
    0.715818286282316,
    {
      "accuracy01": 0.9893617021276596,
      "IoU": 0.715818286282316,
      "loss": 0.34349185512548686
    }
  ],
  "epoch_3": [
    "runs\\Apr28_19_19_mobilenetv2_120d_512_medium_adam_0.0003_EfficientIoU\\checkpoints/train.4.pth",
    0.7419021406883697,
    {
      "accuracy01": 0.9920212765957447,
      "IoU": 0.7419021406883697,
      "loss": 0.30217093518179594
    }
  ],
  "epoch_4": [
    "runs\\Apr28_19_19_mobilenetv2_120d_512_medium_adam_0.0003_EfficientIoU\\checkpoints/train.5.pth",
    0.7615937373502929,
    {
      "accuracy01": 0.9946808510638298,
      "IoU": 0.7615937373502929,
      "loss": 0.27624775538304736
    }
  ],
  "epoch_5": [
    "runs\\Apr28_19_19_mobilenetv2_120d_512_medium_adam_0.0003_EfficientIoU\\checkpoints/train.6.pth",
    0.6873907805204966,
    {
      "accuracy01": 0.9547872340425532,
      "IoU": 0.6873907805204966,
      "loss": 0.3918354407013977
    }
  ],
  "epoch_6": [
    "runs\\Apr28_19_19_mobilenetv2_120d_512_medium_adam_0.0003_EfficientIoU\\checkpoints/train.7.pth",
    0.7410679932978836,
    {
      "accuracy01": 0.9867021276595744,
      "IoU": 0.7410679932978836,
      "loss": 0.3003384531104703
    }
  ],
  "epoch_7": [
    "runs\\Apr28_19_19_mobilenetv2_120d_512_medium_adam_0.0003_EfficientIoU\\checkpoints/train.8.pth",
    0.7704858217716825,
    {
      "accuracy01": 0.9867021276595744,
      "IoU": 0.7704858217716825,
      "loss": 0.2641766840920018
    }
  ],
  "epoch_8": [
    "runs\\Apr28_19_19_mobilenetv2_120d_512_medium_adam_0.0003_EfficientIoU\\checkpoints/train.9.pth",
    0.769585180581459,
    {
      "accuracy01": 0.9920212765957447,
      "IoU": 0.769585180581459,
      "loss": 0.27642028510662986
    }
  ],
  "epoch_9": [
    "runs\\Apr28_19_19_mobilenetv2_120d_512_medium_adam_0.0003_EfficientIoU\\checkpoints/train.10.pth",
    0.8141417780250205,
    {
      "accuracy01": 0.9893617021276596,
      "IoU": 0.8141417780250205,
      "loss": 0.21300223052337802
    }
  ],
  "epoch_10": [
    "runs\\Apr28_19_19_mobilenetv2_120d_512_medium_adam_0.0003_EfficientIoU\\checkpoints/train.11.pth",
    0.8002485363439558,
    {
      "accuracy01": 0.9840425531914894,
      "IoU": 0.8002485363439558,
      "loss": 0.22985506590246657
    }
  ],
  "epoch_11": [
    "runs\\Apr28_19_19_mobilenetv2_120d_512_medium_adam_0.0003_EfficientIoU\\checkpoints/train.12.pth",
    0.7965013897309217,
    {
      "accuracy01": 0.9973404255319149,
      "IoU": 0.7965013897309217,
      "loss": 0.23277259640900658
    }
  ],
  "epoch_12": [
    "runs\\Apr28_19_19_mobilenetv2_120d_512_medium_adam_0.0003_EfficientIoU\\checkpoints/train.13.pth",
    0.7944320561150857,
    {
      "accuracy01": 0.9840425531914894,
      "IoU": 0.7944320561150857,
      "loss": 0.24787671176822015
    }
  ],
  "epoch_13": [
    "runs\\Apr28_19_19_mobilenetv2_120d_512_medium_adam_0.0003_EfficientIoU\\checkpoints/train.14.pth",
    0.8229702168844759,
    {
      "accuracy01": 0.9840425531914894,
      "IoU": 0.8229702168844759,
      "loss": 0.20412457687960134
    }
  ],
  "epoch_14": [
    "runs\\Apr28_19_19_mobilenetv2_120d_512_medium_adam_0.0003_EfficientIoU\\checkpoints/train.15.pth",
    0.8230720868903344,
    {
      "accuracy01": 0.9946808510638298,
      "IoU": 0.8230720868903344,
      "loss": 0.20389984239698056
    }
  ],
  "epoch_15": [
    "runs\\Apr28_19_19_mobilenetv2_120d_512_medium_adam_0.0003_EfficientIoU\\checkpoints/train.16.pth",
    0.8261809062570042,
    {
      "accuracy01": 0.9946808510638298,
      "IoU": 0.8261809062570042,
      "loss": 0.19869827182445868
    }
  ],
  "epoch_16": [
    "runs\\Apr28_19_19_mobilenetv2_120d_512_medium_adam_0.0003_EfficientIoU\\checkpoints/train.17.pth",
    0.8408442865792397,
    {
      "accuracy01": 0.9893617021276596,
      "IoU": 0.8408442865792397,
      "loss": 0.18160841721479973
    }
  ],
  "epoch_17": [
    "runs\\Apr28_19_19_mobilenetv2_120d_512_medium_adam_0.0003_EfficientIoU\\checkpoints/train.18.pth",
    0.8354088633923644,
    {
      "accuracy01": 0.9867021276595744,
      "IoU": 0.8354088633923644,
      "loss": 0.18683777982659996
    }
  ],
  "epoch_18": [
    "runs\\Apr28_19_19_mobilenetv2_120d_512_medium_adam_0.0003_EfficientIoU\\checkpoints/train.19.pth",
    0.8445886740419372,
    {
      "accuracy01": 0.9893617021276596,
      "IoU": 0.8445886740419372,
      "loss": 0.18051105302621423
    }
  ],
  "epoch_19": [
    "runs\\Apr28_19_19_mobilenetv2_120d_512_medium_adam_0.0003_EfficientIoU\\checkpoints/train.20.pth",
    0.8293426958517437,
    {
      "accuracy01": 1.0,
      "IoU": 0.8293426958517437,
      "loss": 0.1930934699597205
    }
  ],
  "epoch_20": [
    "runs\\Apr28_19_19_mobilenetv2_120d_512_medium_adam_0.0003_EfficientIoU\\checkpoints/train.21.pth",
    0.830009952795563,
    {
      "accuracy01": 0.9973404255319149,
      "IoU": 0.830009952795563,
      "loss": 0.19204536037956796
    }
  ],
  "epoch_21": [
    "runs\\Apr28_19_19_mobilenetv2_120d_512_medium_adam_0.0003_EfficientIoU\\checkpoints/train.22.pth",
    0.8400784454857905,
    {
      "accuracy01": 0.9920212765957447,
      "IoU": 0.8400784454857905,
      "loss": 0.18039935649976935
    }
  ],
  "epoch_22": [
    "runs\\Apr28_19_19_mobilenetv2_120d_512_medium_adam_0.0003_EfficientIoU\\checkpoints/train.23.pth",
    0.8421153909220932,
    {
      "accuracy01": 0.9946808510638298,
      "IoU": 0.8421153909220932,
      "loss": 0.17708009893767837
    }
  ],
  "epoch_23": [
    "runs\\Apr28_19_19_mobilenetv2_120d_512_medium_adam_0.0003_EfficientIoU\\checkpoints/train.24.pth",
    0.8604638688239068,
    {
      "accuracy01": 0.9893617021276596,
      "IoU": 0.8604638688239068,
      "loss": 0.15656796751424348
    }
  ],
  "epoch_24": [
    "runs\\Apr28_19_19_mobilenetv2_120d_512_medium_adam_0.0003_EfficientIoU\\checkpoints/train.25.pth",
    0.8542838569144448,
    {
      "accuracy01": 0.9920212765957447,
      "IoU": 0.8542838569144448,
      "loss": 0.1648069980177267
    }
  ],
  "epoch_25": [
    "runs\\Apr28_19_19_mobilenetv2_120d_512_medium_adam_0.0003_EfficientIoU\\checkpoints/train.26.pth",
    0.860742954480796,
    {
      "accuracy01": 0.9946808510638298,
      "IoU": 0.860742954480796,
      "loss": 0.15503767780671843
    }
  ],
  "epoch_26": [
    "runs\\Apr28_19_19_mobilenetv2_120d_512_medium_adam_0.0003_EfficientIoU\\checkpoints/train.27.pth",
    0.8551322015529534,
    {
      "accuracy01": 0.9946808510638298,
      "IoU": 0.8551322015529534,
      "loss": 0.16469969705629178
    }
  ],
  "epoch_27": [
    "runs\\Apr28_19_19_mobilenetv2_120d_512_medium_adam_0.0003_EfficientIoU\\checkpoints/train.28.pth",
    0.8495280411333994,
    {
      "accuracy01": 0.9920212765957447,
      "IoU": 0.8495280411333994,
      "loss": 0.1702913119972418
    }
  ],