{
  "best": {
    "accuracy01": 0.9973404255319149,
    "IoU": 0.8610619199400947,
    "loss": 0.15491755946992847
  },
  "last": {
    "accuracy01": 0.9893617021276596,
    "IoU": 0.8530417033634401,
    "loss": 0.16562088181881254
  },
  "train.52": {
    "accuracy01": 0.9973404255319149,
    "IoU": 0.8610619199400947,
    "loss": 0.15491755946992847
  },
  "epoch_0": [
    "runs\\Apr29_00_50_mobilenetv2_100_512_medium_adam_0.0003_EfficientIoU\\checkpoints/train.1.pth",
    0.46054208513192557,
    {
      "accuracy01": 0.9627659574468085,
      "IoU": 0.46054208513192557,
      "loss": 0.6709824734082309
    }
  ],
  "epoch_1": [
    "runs\\Apr29_00_50_mobilenetv2_100_512_medium_adam_0.0003_EfficientIoU\\checkpoints/train.2.pth",
    0.5461628270683444,
    {
      "accuracy01": 0.9840425531914894,
      "IoU": 0.5461628270683444,
      "loss": 0.541855690607788
    }
  ],
  "epoch_2": [
    "runs\\Apr29_00_50_mobilenetv2_100_512_medium_adam_0.0003_EfficientIoU\\checkpoints/train.3.pth",
    0.6359609837554374,
    {
      "accuracy01": 0.9867021276595744,
      "IoU": 0.6359609837554374,
      "loss": 0.437817198852669
    }
  ],
  "epoch_3": [
    "runs\\Apr29_00_50_mobilenetv2_100_512_medium_adam_0.0003_EfficientIoU\\checkpoints/train.4.pth",
    0.6821722345946417,
    {
      "accuracy01": 0.9680851063829787,
      "IoU": 0.6821722345946417,
      "loss": 0.3766478008243345
    }
  ],
  "epoch_4": [
    "runs\\Apr29_00_50_mobilenetv2_100_512_medium_adam_0.0003_EfficientIoU\\checkpoints/train.5.pth",
    0.7169682609668058,
    {
      "accuracy01": 0.973404255319149,
      "IoU": 0.7169682609668058,
      "loss": 0.33381898564807927
    }
  ],
  "epoch_5": [
    "runs\\Apr29_00_50_mobilenetv2_100_512_medium_adam_0.0003_EfficientIoU\\checkpoints/train.6.pth",
    0.7347691506841655,
    {
      "accuracy01": 0.9867021276595744,
      "IoU": 0.7347691506841655,
      "loss": 0.30776749828934785
    }
  ],
  "epoch_6": [
    "runs\\Apr29_00_50_mobilenetv2_100_512_medium_adam_0.0003_EfficientIoU\\checkpoints/train.7.pth",
    0.7431619223964426,
    {
      "accuracy01": 0.9867021276595744,
      "IoU": 0.7431619223964426,
      "loss": 0.30359291710505826
    }
  ],
  "epoch_7": [
    "runs\\Apr29_00_50_mobilenetv2_100_512_medium_adam_0.0003_EfficientIoU\\checkpoints/train.8.pth",
    0.7346333598280269,
    {
      "accuracy01": 0.9840425531914894,
      "IoU": 0.7346333598280269,
      "loss": 0.313307485947757
    }
  ],
  "epoch_8": [
    "runs\\Apr29_00_50_mobilenetv2_100_512_medium_adam_0.0003_EfficientIoU\\checkpoints/train.9.pth",
    0.747785131976958,
    {
      "accuracy01": 0.9893617021276596,
      "IoU": 0.747785131976958,
      "loss": 0.2898612829353578
    }
  ],
  "epoch_9": [
    "runs\\Apr29_00_50_mobilenetv2_100_512_medium_adam_0.0003_EfficientIoU\\checkpoints/train.10.pth",
    0.7535100845876915,
    {
      "accuracy01": 0.9787234042553191,
      "IoU": 0.7535100845876915,
      "loss": 0.28969160397632765
    }
  ],
  "epoch_10": [
    "runs\\Apr29_00_50_mobilenetv2_100_512_medium_adam_0.0003_EfficientIoU\\checkpoints/train.11.pth",
    0.7380228450992848,
    {
      "accuracy01": 0.9867021276595744,
      "IoU": 0.7380228450992848,
      "loss": 0.3007488102834881
    }
  ],
  "epoch_11": [
    "runs\\Apr29_00_50_mobilenetv2_100_512_medium_adam_0.0003_EfficientIoU\\checkpoints/train.12.pth",
    0.734034550665001,
    {
      "accuracy01": 0.976063829787234,
      "IoU": 0.734034550665001,
      "loss": 0.31128755361590915
    }
  ],
  "epoch_12": [
    "runs\\Apr29_00_50_mobilenetv2_100_512_medium_adam_0.0003_EfficientIoU\\checkpoints/train.13.pth",
    0.7571862660321051,
    {
      "accuracy01": 0.9920212765957447,
      "IoU": 0.7571862660321051,
      "loss": 0.2916115094491964
    }
  ],
  "epoch_13": [
    "runs\\Apr29_00_50_mobilenetv2_100_512_medium_adam_0.0003_EfficientIoU\\checkpoints/train.14.pth",
    0.7675960216194038,
    {
      "accuracy01": 0.9867021276595744,
      "IoU": 0.7675960216194038,
      "loss": 0.2694762529383493
    }
  ],
  "epoch_14": [
    "runs\\Apr29_00_50_mobilenetv2_100_512_medium_adam_0.0003_EfficientIoU\\checkpoints/train.15.pth",
    0.7771833909863546,
    {
      "accuracy01": 0.9840425531914894,
      "IoU": 0.7771833909863546,
      "loss": 0.25724786477225775
    }
  ],
  "epoch_15": [
    "runs\\Apr29_00_50_mobilenetv2_100_512_medium_adam_0.0003_EfficientIoU\\checkpoints/train.16.pth",
    0.7819856163956771,
    {
      "accuracy01": 0.9920212765957447,
      "IoU": 0.7819856163956771,
      "loss": 0.25387559474660376
    }
  ],
  "epoch_16": [
    "runs\\Apr29_00_50_mobilenetv2_100_512_medium_adam_0.0003_EfficientIoU\\checkpoints/train.17.pth",
    0.7847784148597909,
    {
      "accuracy01": 0.9920212765957447,
      "IoU": 0.7847784148597909,
      "loss": 0.25034062404176993
    }
  ],
  "epoch_17": [
    "runs\\Apr29_00_50_mobilenetv2_100_512_medium_adam_0.0003_EfficientIoU\\checkpoints/train.18.pth",
    0.7955929875294447,
    {
      "accuracy01": 0.9893617021276596,
      "IoU": 0.7955929875294447,
      "loss": 0.2335138743355137
    }
  ],
  "epoch_18": [
    "runs\\Apr29_00_50_mobilenetv2_100_512_medium_adam_0.0003_EfficientIoU\\checkpoints/train.19.pth",
    0.8078275782073037,
    {
      "accuracy01": 0.9946808510638298,
      "IoU": 0.8078275782073037,
      "loss": 0.2227839105861064
    }
  ],
  "epoch_19": [
    "runs\\Apr29_00_50_mobilenetv2_100_512_medium_adam_0.0003_EfficientIoU\\checkpoints/train.20.pth",
    0.8012849721691085,
    {
      "accuracy01": 0.9946808510638298,
      "IoU": 0.8012849721691085,
      "loss": 0.22732458783759513
    }
  ],
  "epoch_20": [
    "runs\\Apr29_00_50_mobilenetv2_100_512_medium_adam_0.0003_EfficientIoU\\checkpoints/train.21.pth",
    0.7772482650860489,
    {
      "accuracy01": 0.9867021276595744,
      "IoU": 0.7772482650860489,
      "loss": 0.26407667369340654
    }
  ],
  "epoch_21": [
    "runs\\Apr29_00_50_mobilenetv2_100_512_medium_adam_0.0003_EfficientIoU\\checkpoints/train.22.pth",
    0.8064298491235671,
    {
      "accuracy01": 0.9973404255319149,
      "IoU": 0.8064298491235671,
      "loss": 0.22257622762685242
    }
  ],
  "epoch_22": [
    "runs\\Apr29_00_50_mobilenetv2_100_512_medium_adam_0.0003_EfficientIoU\\checkpoints/train.23.pth",
    0.8016442514933072,
    {
      "accuracy01": 0.9973404255319149,
      "IoU": 0.8016442514933072,
      "loss": 0.2247301449687219
    }
  ],
  "epoch_23": [
    "runs\\Apr29_00_50_mobilenetv2_100_512_medium_adam_0.0003_EfficientIoU\\checkpoints/train.24.pth",
    0.8068023428607336,
    {
      "accuracy01": 0.9920212765957447,
      "IoU": 0.8068023428607336,
      "loss": 0.22333036704339973
    }
  ],
  "epoch_24": [
    "runs\\Apr29_00_50_mobilenetv2_100_512_medium_adam_0.0003_EfficientIoU\\checkpoints/train.25.pth",
    0.8171344709371571,
    {
      "accuracy01": 0.9920212765957447,
      "IoU": 0.8171344709371571,
      "loss": 0.21022094735955363
    }
  ],
  "epoch_25": [
    "runs\\Apr29_00_50_mobilenetv2_100_512_medium_adam_0.0003_EfficientIoU\\checkpoints/train.26.pth",
    0.8037739149267012,
    {
      "accuracy01": 0.9867021276595744,
      "IoU": 0.8037739149267012,
      "loss": 0.22968433003158525
    }
  ],
  "epoch_26": [
    "runs\\Apr29_00_50_mobilenetv2_100_512_medium_adam_0.0003_EfficientIoU\\checkpoints/train.27.pth",
    0.8210393559605702,
    {
      "accuracy01": 0.9920212765957447,
      "IoU": 0.8210393559605702,
      "loss": 0.20726232162366373
    }
  ],
  "epoch_27": [
    "runs\\Apr29_00_50_mobilenetv2_100_512_medium_adam_0.0003_EfficientIoU\\checkpoints/train.28.pth",
    0.8253371492564617,
    {
      "accuracy01": 0.9893617021276596,
      "IoU": 0.8253371492564617,
      "loss": 0.19961316597874332
    }
  ],
  "epoch_28": [
    "runs\\Apr29_00_50_mobilenetv2_100_512_medium_adam_0.0003_EfficientIoU\\checkpoints/train.29.pth",
    0.8312365147924954,
    {
      "accuracy01": 0.9813829787234043,